{
  "name": "minecraft:snow_layer",
  "files": ["assets/textures/block/snow.png"],
  "changes" : [
    {"type": "crop", "files": 0, "arguments": [[[0, 0, 15, 1]]]},
    {"type": "resize", "files": 1, "arguments": [[64, 64]]},
    {"type": "crop", "files": 0, "arguments": [[[0, 0, 15, 3]]]},
    {"type": "resize", "files": 3, "arguments": [[64, 64]]},
    {"type": "crop", "files": 0, "arguments": [[[0, 0, 15, 5]]]},
    {"type": "resize", "files": 5, "arguments": [[64, 64]]},
    {"type": "crop", "files": 0, "arguments": [[[0, 0, 15, 7]]]},
    {"type": "resize", "files": 7, "arguments": [[64, 64]]},
    {"type": "crop", "files": 0, "arguments": [[[0, 0, 15, 9]]]},
    {"type": "resize", "files": 9, "arguments": [[64, 64]]},
    {"type": "crop", "files": 0, "arguments": [[[0, 0, 15, 11]]]},
    {"type": "resize", "files": 11, "arguments": [[64, 64]]},
    {"type": "crop", "files": 0, "arguments": [[[0, 0, 15, 13]]]},
    {"type": "resize", "files": 13, "arguments": [[64, 64]]}
  ],
  "entrys": [
    {
      "name": "cube",
      "indexes": [0, 0, 2, 2, 2, 2],
      "box_size": [0.5, 0.0625, 0.5],
      "relative_position": [0, -0.4375, 0]
    },
    {
      "name": "cube",
      "indexes": [0, 0, 4, 4, 4, 4],
      "box_size": [0.5, 0.125, 0.5],
      "relative_position": [0, -0.375, 0]
    },
    {
      "name": "cube",
      "indexes": [0, 0, 6, 6, 6, 6],
      "box_size": [0.5, 0.1875, 0.5],
      "relative_position": [0, -0.3125, 0]
    },
    {
      "name": "cube",
      "indexes": [0, 0, 8, 8, 8, 8],
      "box_size": [0.5, 0.25, 0.5],
      "relative_position": [0, -0.25, 0]
    },
    {
      "name": "cube",
      "indexes": [0, 0, 10, 10, 10, 10],
      "box_size": [0.5, 0.3125, 0.5],
      "relative_position": [0, -0.1875, 0]
    },
    {
      "name": "cube",
      "indexes": [0, 0, 12, 12, 12, 12],
      "box_size": [0.5, 0.375, 0.5],
      "relative_position": [0, -0.125, 0]
    },
    {
      "name": "cube",
      "indexes": [0, 0, 14, 14, 14, 14],
      "box_size": [0.5, 0.4375, 0.5],
      "relative_position": [0, -0.0625, 0]
    },
    {
      "name": "cube",
      "indexes": [0, 0, 0, 0, 0, 0]
    }
  ]
}
